,Title,Artist,ConstituentID,Date,Medium,CreditLine,AccessionNumber,DateAcquired,ObjectID,ApproxDate,YearAcquired,ArtistOrder
964,Prisma Tumblers,Kaj Franck,1968,1967,Glass,Given anonymously,2254.2001.1-3,2001-09-24,1091,1967.0,2001,8
1000,Tea Strainer,Bertel Gardberg,7381,1955,Metal,Given anonymously,2256.2001.a-b,2001-09-24,1184,1955.0,2001,10
1001,Triennale Flatware,Bertel Gardberg,7381,1957,Metal,Given anonymously,2257.2001.1-2,2001-09-24,1185,1957.0,2001,10
1103,Kilta Storage Container,Kaj Franck,1968,1948,Ceramics,Gift of Nina and Gordon Bunshaft,20.1997.1-2,1997-01-15,1572,1948.0,1997,8
1108,Kilta Storage Container,Kaj Franck,1968,1948,Ceramics,Gift of Nina and Gordon Bunshaft,21.1997.a-b,1997-01-15,1583,1948.0,1997,8
1112,Pitcher 1621-100cl,Kaj Franck,1968,c. 1953,Glass,Gift of Peter S. Reed,22.1997,1997-01-15,1594,1953.0,1997,8
1144,Block Lamp,Harri Koskinen,8417,1996,Glass,Gift of the manufacturer,30.2000,2000-01-19,1673,1996.0,2000,18
1250,Dish,Alvar Aalto,34,Late 1930s,Glass,Gift of Mrs. Susanne Wasson-Tucker,54.1946,1946-05-07,1866,1930.0,1946,2
1255,Child's Chair (model 103),"Alvar Aalto, Aino Aalto","34, 35",Designed 1929 (this example ca. 1936),Wood,"Gift of Artek-Pascoe, Inc.",55.1946,1946-05-07,1872,1929.0,1946,2
1263,Stacking Stools (model 60),Alvar Aalto,34,1932-33,Wood,"Gift of Artek-Pascoe, Inc.",56.1946.1,1946-05-07,1881,1932.0,1946,2
1264,Stacking Stools (model 60),Alvar Aalto,34,1932–1933,Wood,"Gift of Artek-Pascoe, Inc.",56.1946.1-3,1946-05-07,1882,1932.0,1946,2
1265,Stacking Stools (model 60),Alvar Aalto,34,1932-33,Wood,"Gift of Artek-Pascoe, Inc.",56.1946.2,1946-05-07,1883,1932.0,1946,2
1335,Casserole,Timo Sarpaneva,5168,1959,Metal,Gift of the designer,71.1990.a-c,1990-01-17,1980,1959.0,1990,29
1469,Bowl,Göran Hongell,2720,1930s,Glass,Gift of Finland Ceramics & Glass Corp.,109.1948,1948-03-17,2150,1930.0,1948,13
1505,Woodnotes Textile,Ritva Puotila,7510,1987-91,Paper,Gift of the manufacturer,117.1996.1-6,1996-04-09,2191,1987.0,1996,26
1511,Pitcher,Kaj Franck,1968,1954,Glass,Best Products Co. Fund,119.1992,1992-01-15,2200,1954.0,1992,8
1515,Tumblers,Kaj Franck,1968,1954,Glass,Best Products Co. Fund,120.1992.1-6,1992-01-15,2205,1954.0,1992,8
1544,Vase,Kaj Franck,1968,1955,Glass,Gift of the Finnish Ministry of Commerce and Industry,128.1957,1957-05-15,2243,1955.0,1957,8
1556,Jäkälä Vase,Tapio Wirkkala,6409,1950,Glass,Gift of the Finnish Ministry of Commerce and Industry,131.1957,1957-05-15,2256,1950.0,1957,35
1652,Sauna Stool,Antti Nurmesniemi,6613,1952,Wood,"Gift of the Palace Hotel, Helsinki",170.1991,1991-06-04,2369,1952.0,1991,23
1742,Stools (model Y61),Alvar Aalto,34,1946-47,Wood,Gift of John C. Waddell,194.1998.1-3,1998-01-01,2478,1946.0,1998,2
1751,Gyro Chair,Eero Aarnio,36,1968,Glass,Joy E. Feinberg Fund and Friends of the Department Fund,196.1987,1987-05-27,2490,1968.0,1987,3
1799,Kilta Tableware,Kaj Franck,1968,1948,Ceramics,"Gift of Waertsila Corporation, New York",144.1955.1-10,1955-04-06,2540,1948.0,1955,8
1800,Kilta Tableware,Kaj Franck,1968,1948,Ceramics,"Gift of Waertsila Corporation, New York",144.1955.10,1955-04-06,2541,1948.0,1955,8
1801,Kilta Tableware,Kaj Franck,1968,1948,Ceramics,"Gift of Waertsila Corporation, New York",144.1955.4,1955-04-06,2542,1948.0,1955,8
1802,Kilta Tableware,Kaj Franck,1968,1948,Ceramics,"Gift of Waertsila Corporation, New York",144.1955.5a-b,1955-04-06,2543,1948.0,1955,8
1803,Kilta Tableware,Kaj Franck,1968,1948,Ceramics,"Gift of Waertsila Corporation, New York",144.1955.9,1955-04-06,2544,1948.0,1955,8
1808,Convertible Sofa,Alvar Aalto,34,1930–1932,Metal,Phyllis B. Lambert Fund,145.1958,1958-12-04,2549,1930.0,1958,2
1811,Stacking Stool (model 60),Alvar Aalto,34,1932-33,Wood,Phyllis B. Lambert Fund,146.1958,1958-12-04,2553,1932.0,1958,2
1814,Stool (model X600),Alvar Aalto,34,1954,Wood,Phyllis B. Lambert Fund,147.1958,1958-12-04,2556,1954.0,1958,2
1955,Tea Trolley (model 98),Alvar Aalto,34,1936-37,Wood,"Gift of ICF, Inc.",216.1981,1981-04-30,2729,1936.0,1981,2
1970,Dinner Plates,Friedl Holzer-Kjellberg,2715,1954,Ceramics,Phyllis B. Lambert Fund,218.1958.1-2,1958-12-04,2747,1954.0,1958,12
1979,Double Teapot,"Francesca Lindh, Richard Lindh","3557, 3558",1956,Ceramics,Phyllis B. Lambert Fund,219.1958.1-2,1958-12-04,2758,1956.0,1958,19
2039,Pitcher,Kaj Franck,1968,1954,Glass,Phyllis B. Lambert Fund,226.1958,1958-12-04,2827,1954.0,1958,8
2047,Tumblers,Kaj Franck,1968,c. 1953,Glass,Phyllis B. Lambert Fund,227.1958.1-2,1958-12-04,2837,1953.0,1958,8
2053,Munankuori Bowl (model 3303),Gunnel Nyman,4352,1947,Glass,Gift of Finland Ceramics and Glass Corp.,228.1950,1950-06-08,2843,1947.0,1950,24
2089,Aarne Glasses,Göran Hongell,2720,1948,Glass,Phyllis B. Lambert Fund,232.1958.1-2,1958-12-04,2883,1948.0,1958,13
2098,Triennale Cocktail Glass,Timo Sarpaneva,5168,1956-1957,Glass,Phyllis B. Lambert Fund,233.1958,1958-12-04,2893,1956.0,1958,29
2129,Kilta Creamer,Kaj Franck,1968,c. 1953,Ceramics,Purchase,235.1994,1994-05-03,2926,1953.0,1994,8
2138,Kilta Egg Cups,Kaj Franck,1968,c. 1953,Ceramics,Purchase,236.1994.1-2,1994-05-03,2936,1953.0,1994,8
2151,Carafe,Olli Aninbaum,5796,1978,Glass,"Gift of Wartsila, Inc.",238.1981,1981-04-30,2952,1978.0,1981,4
2179,Platter,Tapio Wirkkala,6409,1951,Wood,Gift of Greta Daniel,242.1953,1953-04-07,2986,1951.0,1953,35
2182,Salt and Pepper Shakers,Kaj Franck,1968,1947,Ceramics,"Skidmore, Owings & Merrill Design Collection Purchase Fund",242.1986.1-2,1986-10-07,2990,1947.0,1986,8
2188,Bowl,Tapio Wirkkala,6409,1957,Wood,Phyllis B. Lambert Fund,243.1958,1958-12-04,2996,1957.0,1958,35
2201,Bowl,Tapio Wirkkala,6409,1957,Wood,Phyllis B. Lambert Fund,244.1958,1958-12-04,3011,1957.0,1958,35
2241,Vase,Tapio Wirkkala,6409,1956,Ceramics,Gift of Greta Daniel,250.1958,1958-12-04,3058,1956.0,1958,35
2246,Bowl,Tapio Wirkkala,6409,1950,Glass,Phyllis B. Lambert Fund,251.1958,1958-12-04,3065,1950.0,1958,35
2250,Platter,Timo Sarpaneva,5168,1956,Glass,Phyllis B. Lambert Fund,252.1958,1958-12-04,3069,1956.0,1958,29
2269,Incandescent Bulb (model 85),Tapio Wirkkala,6409,1959,Glass,Gift of the manufacturer,257.1962,1962-11-07,3095,1959.0,1962,35
2272,Container,Saara Hopea,2724,1954,Glass,Phyllis B. Lambert Fund,258.1958.a-b,1958-12-04,3098,1954.0,1958,14
2273,Incandescent Bulb (model WIR105),Tapio Wirkkala,6409,1959,Glass,Gift of the manufacturer,258.1962,1962-11-07,3100,1959.0,1962,35
2287,Platter,Nanny Still,5666,c. 1949-62,Glass,Philip Johnson Fund,261.1962,1962-11-07,3116,1949.0,1962,31
2290,Tumblers,Kaj Franck,1968,c. 1953,Glass,Gift of Waertsila Corporation,262.1954.1-10,1954-06-16,3120,1953.0,1954,8
2291,Table Lamp,Yki Nummi,4346,1955,Plastic,Phyllis B. Lambert Fund,262.1958.a-b,1958-12-04,3121,1955.0,1958,22
2292,Platter,Nanny Still,5666,c. 1950-62,Wood,Phyllis B. Lambert Fund,262.1962,1962-11-07,3122,1950.0,1962,31
2333,Vase,Kaj Franck,1968,1957,Glass,Phyllis B. Lambert Fund,275.1958,1958-12-04,3166,1957.0,1958,8
2335,Stacking Armchair,Alvar Aalto,34,1929,Wood,Gift of Michael Whiteway,275.1984,1984-10-30,3168,1929.0,1984,2
2336,Carafe,Timo Sarpaneva,5168,1956,Glass,Phyllis B. Lambert Fund,276.1958,1958-12-04,3169,1956.0,1958,29
2338,Cantilevered Stacking Side Chair,Alvar Aalto,34,1930,Wood,Lord & Taylor Fund,276.1984,1984-10-30,3171,1930.0,1984,2
2340,Side Chair,Alvar Aalto,34,c. 1932,Wood,Gift of Manfred Ludewig,277.1984,1984-10-30,3173,1932.0,1984,2
2341,Cantilevered Armchair (model 406),Alvar Aalto,34,c. 1970,Wood,"Gift of ICF, Inc.",278.1984,1984-10-30,3175,1970.0,1984,2
2354,Tumblers and Schnapps Glass,Saara Hopea,2724,1951,Glass,Gift of Barbro Kulvik and Antti Siltavuori,286.1984.1-3,1984-10-30,3190,1951.0,1984,14
2407,Scissors,Olof Backstrom,271,"Designed 1960-1967, this example 1976",Metal,Greta Daniel Fund,306.1977,1977-06-01,3250,1967.0,1977,7
2474,Vase (model 3580),Tapio Wirkkala,6409,1955,Glass,Gift of the Chase Manhattan Bank,339.1960,1960-11-16,3332,1955.0,1960,35
2489,Puukko Knife and Sheath,Tapio Wirkkala,6409,1961,Metal,Greta Daniel Design Fund,345.1966.a-b,1966-05-10,3349,1961.0,1966,35
2581,Platter,Kari Virtanen,7242,1987,Wood,Gift of the designer,366.1993,1993-11-04,3451,1987.0,1993,34
2674,Vase,Tapio Wirkkala,6409,1963,Ceramics,Gift of the manufacturer,425.1964,1964-04-14,3551,1963.0,1964,35
2678,Cheese Plate and Cover,Yki Nummi,4346,1963,Plastic,Greta Daniel Design Fund,426.1964.a-b,1964-04-14,3555,1963.0,1964,22
2695,Tumbler,Aino Aalto,35,1932,Glass,Greta Daniel Fund,431.1983,1983-05-17,3573,1932.0,1983,1
2699,Armchair (model 400) (Cantilevered armchair),Alvar Aalto,34,1936,Wood,Estée and Joseph Lauder Design Fund,432.1983,1983-05-17,3577,1936.0,1983,2
2730,Tumblers (model 2064),Tapio Wirkkala,6409,c. 1956,Glass,Purchase,441.1992.1-3,1992-10-21,3608,1956.0,1992,35
2767,Pitcher,Saara Hopea,2724,1951,Glass,Gift of Barbro Kulvik and Antti Siltavuori,449.1983,1983-05-17,3651,1951.0,1983,14
2848,Fruit Bowl,Kaj Franck,1968,c. 1950,Glass,Gift of Peter S. Reed,394.1994,1994-09-21,3737,1950.0,1994,8
2911,Stacking Glasses,Saara Hopea,2724,1951,Glass,Gift of Barbro Kulvik and Antti Siltavuori,450.1983.1-4,1983-05-17,3806,1951.0,1983,14
3013,Bowl,Tapio Wirkkala,6409,1951,Glass,Purchase,466.1956,1956-10-25,3918,1951.0,1956,35
3030,Plate,Timo Sarpaneva,5168,1960s,Glass,Gift of the Contemporary Arts Council of The Museum of Modern Art in memory of Hedi Kravis Ruger,468.1997,1997-10-17,3935,1960.0,1997,29
3169,Stool (no. V63),Alvar Aalto,34,1946-47,Wood,Marshall Cogan Purchase Fund,558.1981,1981-12-10,4087,1946.0,1981,2
3234,Otso Drinking Glasses,Valto Kokko,3196,1978,Glass,Gift of the manufacturer,639.1980.1-6,1980-10-30,4155,1978.0,1980,17
3268,Kilta Covered Containers,Kaj Franck,1968,1948,Ceramics,Gift of Waertsila Corp.,669.1954.1-4,1954-12-16,4202,1948.0,1954,8
3283,Dish,Kaj Franck,1968,1946,Glass,Gift from the collection of Mr. and Mrs. Albert Greene,682.1995,1995-09-20,4218,1946.0,1995,8
3285,Hors d'Oeuvre Dish,Kaj Franck,1968,1957,Ceramics,Gift of Mr. & Mrs. Walter Hochschild Purchase Fund,683.1995.1-2,1995-09-17,4220,1957.0,1995,8
3287,Marja Cocktail Glass,Saara Hopea,2724,1956,Glass,Mr. and Mrs. Hochschild Purchase Fund,685.1995.1-4,1995-09-20,4222,1956.0,1995,14
3292,Devil's Churn Object,Timo Sarpaneva,5168,1951,Glass,Gift from the collection of Mr. and Mrs. Albert Greene,690.1995,1995-09-20,4227,1951.0,1995,29
3293,Ball Glasses,Timo Sarpaneva,5168,1955,Glass,Mr. and Mrs. Walter Hochschild Purchase Fund,691.1995.1-5,1995-09-20,4228,1955.0,1995,29
3294,Carafe,Timo Sarpaneva,5168,1957,Glass,Mr. and Mrs. Walter Hochschild Purchase Fund,692.1995,1995-09-20,4229,1957.0,1995,29
3328,Coffeepots,Antti Nurmesniemi,6613,1957,Metal,Gift of the designer,505.1990.1-2,1990-10-24,4263,1957.0,1990,23
3406,Ovalis Vase,Tapio Wirkkala,6409,1958,Glass,Gift of the manufacturer,539.1977,1977-11-28,4352,1958.0,1977,35
3434,Paimio Lounge Chair (model 41),Alvar Aalto,34,1931-1932,Wood,"Edgar Kaufmann, Jr. Fund",711.1943,1943-11-04,4385,1931.0,1943,2
3436,Savoy Vase,Alvar Aalto,34,1936–1937,Glass,"Gift of Artek-Pascoe, Inc.",712.1943,1943-11-04,4387,1936.0,1943,2
3443,Candle Holder,Nanny Still,5666,c. 1949-63,Glass,Purchase,717.1966.a-b,1966-12-06,4396,1949.0,1966,31
3448,Vase (model 2789/24/1517),Tapio Wirkkala,6409,1963,Ceramics,Gift of the manufacturer,721.1966,1966-12-06,4403,1963.0,1966,35
3451,Side Table,Alvar Aalto,34,1931-32,Wood,Architecture and Design Interest Fund,722.1983,1983-11-30,4406,1931.0,1983,2
3452,Armchair,Alvar Aalto,34,1932-33,Wood,Marcel Breuer Design Fund,723.1983,1983-11-30,4407,1932.0,1983,2
3453,Tea Trolley (model 98),Alvar Aalto,34,1936–1937,Wood,Marshall Cogan Purchase Fund,724.1983,1983-11-30,4408,1936.0,1983,2
3460,Shot Glasses,Kaj Franck,1968,1953,Glass,Purchase,730.1983.1-6,1983-11-30,4416,1953.0,1983,8
3477,Tumbler (model i-103),Timo Sarpaneva,5168,1956,Glass,Purchase,742.1983,1983-11-30,4437,1956.0,1983,29
3492,Stacking Armchair (model 403),Alvar Aalto,34,1931–1932,Wood,Purchase,833.1942,1942-01-01,4460,1931.0,1942,2
3616,Pisaranrengas Glasses,Timo Sarpaneva,5168,1963,Glass,Gift of Emilio Ambasz,1134.1969.1-3,1969-12-01,4601,1963.0,1969,29
3655,Vase,Alvar Aalto,34,1936–1956,Glass,Given anonymously,1295.2001,2001-04-30,4658,1936.0,2001,2
3657,Tumbler (2746),Kaj Franck,1968,1954,Glass,Given anonymously,1300.2001,2001-04-30,4663,1954.0,2001,8
3660,Aarne Shot Glasses,Göran Hongell,2720,1948,Glass,Given anonymously,1303.2001.1-6,2001-04-30,4666,1948.0,2001,13
3699,Composition Cutlery,Tapio Wirkkala,6409,1963,Metal,Given anonymously,1341.2001.1-12,2001-04-30,4706,1963.0,2001,35
3714,Bowl,Tapio Wirkkala,6409,1957,Wood,Anonymous gift,1431.2001,2001-04-30,4726,1957.0,2001,35
3740,Stool,Antti Nurmesniemi,6613,1964,Metal,"Gift of Bonniers, Inc.",2238.1967,1967-10-18,4754,1964.0,1967,23
4837,Poster for Bil Aktiebolaget (Car Company Inc.),Akseli Gallen-Kallela,2059,1907,Paper,Purchase and gift of Aivi and Pirkko Gallen-Kallela,267.1986,1986-10-07,5950,1907.0,1986,9
6219,DDT,"Jukka Veistola, Tapio Salmelainen","6123, 11621",1970,Paper,Gift of the designers,514.1987,1987-11-18,7344,1970.0,1987,33
6223,UNICEF poster,Jukka Veistola,6123,1969,Paper,Gift of the designer,515.1987,1987-11-18,7348,1969.0,1987,33
7703,Karhula-Iitala,Timo Sarpaneva,5168,c. 1955,Paper,Gift of the designer,1537.2000,2000-12-11,8834,1955.0,2000,29
7750,Finland,Per-Olof Nyström,23348,1960,Paper,Gift of the designer,1576.2000,2000-12-11,8881,1960.0,2000,25
75622,Swell Soundwave Panels,Teppo Asikainen,22564,1999-2000,Plastic,Gift of the manufacturer,1403.2001.1-9,2001-05-11,82135,1999.0,2001,6
75648,Globlow Lamp,"Vesa Hinkola, Markus Nevalainen, Rane Vaskivuori","22586, 22574, 22587",1996,Metal,Gift of the manufacturer,1417.2001,2001-05-11,82161,1996.0,2001,11
76108,Lansetti I,Timo Sarpaneva,5168,1952,Glass,Gift of Edgar Smith,2393.2001,2001-10-09,82729,1952.0,2001,29
76109,Orchid Bud Vase,Timo Sarpaneva,5168,c. 1953,Glass,Gift of Edgar Smith,2392.2001,2001-10-09,82730,1953.0,2001,29
77233,Vase (3031),Alvar Aalto,34,1936,Glass,Gift of Clarissa Alcock Bronfman,150.2002,2002-05-13,84130,1936.0,2002,2
80951,Vase (3031),Alvar Aalto,34,1936,Glass,Gift of Rob Beyer,347.2004,2004-04-22,89289,1936.0,2004,2
81533,Stacking Glasses,Saara Hopea,2724,1951,Glass,Gift of Barbro Kulvik and Antti Siltavuori,450.1983.1,1983-05-17,91414,1951.0,1983,14
81712,Tumbler,Kaj Franck,1968,1954,Glass,Best Products Co. Fund,120.1992.1,1992-01-15,91791,1954.0,1992,8
81713,Tumbler,Kaj Franck,1968,1954,Glass,Best Products Co. Fund,120.1992.2,1992-01-15,91792,1954.0,1992,8
81714,Tumbler,Kaj Franck,1968,1954,Glass,Best Products Co. Fund,120.1992.3,1992-01-15,91793,1954.0,1992,8
81715,Tumbler,Kaj Franck,1968,1954,Glass,Best Products Co. Fund,120.1992.4,1992-01-15,91794,1954.0,1992,8
81716,Tumbler,Kaj Franck,1968,1954,Glass,Best Products Co. Fund,120.1992.5,1992-01-15,91795,1954.0,1992,8
81717,Tumbler,Kaj Franck,1968,1954,Glass,Best Products Co. Fund,120.1992.6,1992-01-15,91796,1954.0,1992,8
82573,Stacking Stools (model 60),Alvar Aalto,34,1932-33,Wood,Gift of the manufacturer,493.2004.1-9,2004-10-14,93103,1932.0,2004,2
86481,"""Lehti"" Tray",Maria Jauhiainen,29260,2001-03,Metal,Agnes Gund Purchase Fund,837.2005,2005-10-18,99011,2001.0,2005,15
86845,Side Chair,Alvar Aalto,34,c. 1930,Wood,Gift of Henry-Russell Hitchcock,466.1972,1972-04-11,100389,1930.0,1972,2
88823,Stacking Glasses,Saara Hopea,2724,1951,Glass,Gift of Barbro Kulvik and Antti Siltavuori,450.1983.2,1983-05-17,105847,1951.0,1983,14
88824,Stacking Glasses,Saara Hopea,2724,1951,Glass,Gift of Barbro Kulvik and Antti Siltavuori,450.1983.3,1983-05-17,105848,1951.0,1983,14
88825,Stacking Glasses,Saara Hopea,2724,1951,Glass,Gift of Barbro Kulvik and Antti Siltavuori,450.1983.4,1983-05-17,105849,1951.0,1983,14
110264,Puppy,Eero Aarnio,36,2005,Plastic,Gift of the manufacturer,131.2013.1-2,2013-02-11,161383,2005.0,2013,3
132689,Untitled,Eliel Saarinen,64766,n.d.,Paper,"Gift of the Gilbert B. and Lila Silverman Instruction Drawing Collection, Detroit",2130.2018,2018-11-05,289373,1911.0,2018,27
135261,Tracing\Piece 1,Caroline Slotte,131528,2015,Plastic,Gift of Lise Stolt-Nielsen and the Committee on Architecture and Design Funds,168.2019,2019-11-04,396735,2015.0,2019,30
135262,Tracing\Piece 2,Caroline Slotte,131528,2015,Ceramics,Gift of Lise Stolt-Nielsen and the Committee on Architecture and Design Funds,169.2019,2019-11-04,396736,2015.0,2019,30
135263,Damaged Goods\Piece 1,Caroline Slotte,131528,2009,Ceramics,Gift of Lise Stolt-Nielsen and the Architecture & Design Purchase Fund,166.2019,2019-11-04,396737,2009.0,2019,30
135264,Damaged Goods\Piece 2,Caroline Slotte,131528,2012,Plastic,Gift of Lise Stolt-Nielsen and the Committee on Architecture and Design Funds,167.2019,2019-11-04,396738,2012.0,2019,30
135265,Under Blue Skies,Caroline Slotte,131528,2015,Ceramics,Gift of Lise Stolt-Nielsen and the Committee on Architecture and Design Funds,170.2019,2019-11-04,396739,2015.0,2019,30
