,Title,Artist,ConstituentID,Date,Medium,CreditLine,AccessionNumber,DateAcquired,ObjectID,ApproxDate,YearAcquired
964,Prisma Tumblers,Kaj Franck,1968,1967,Pressed glass,Given anonymously,2254.2001.1-3,2001-09-24,1091,1967.0,2001
1000,Tea Strainer,Bertel Gardberg,7381,1955,Silver and teak,Given anonymously,2256.2001.a-b,2001-09-24,1184,1955.0,2001
1001,Triennale Flatware,Bertel Gardberg,7381,1957,Wood and stainless steel,Given anonymously,2257.2001.1-2,2001-09-24,1185,1957.0,2001
1103,Kilta Storage Container,Kaj Franck,1968,1948,Glazed earthenware,Gift of Nina and Gordon Bunshaft,20.1997.1-2,1997-01-15,1572,1948.0,1997
1108,Kilta Storage Container,Kaj Franck,1968,1948,Glazed earthenware,Gift of Nina and Gordon Bunshaft,21.1997.a-b,1997-01-15,1583,1948.0,1997
1112,Pitcher 1621-100cl,Kaj Franck,1968,c. 1953,Blown glass,Gift of Peter S. Reed,22.1997,1997-01-15,1594,1953.0,1997
1144,Block Lamp,Harri Koskinen,8417,1996,"Hand-cast glass, cord, and electrical switch",Gift of the manufacturer,30.2000,2000-01-19,1673,1996.0,2000
1250,Dish,Alvar Aalto,34,Late 1930s,Glass,Gift of Mrs. Susanne Wasson-Tucker,54.1946,1946-05-07,1866,1930.0,1946
1255,Child's Chair (model 103),"Alvar Aalto, Aino Aalto","34, 35",Designed 1929 (this example ca. 1936),Laminated birch and lacquered molded plywood,"Gift of Artek-Pascoe, Inc.",55.1946,1946-05-07,1872,1929.0,1946
1263,Stacking Stools (model 60),Alvar Aalto,34,1932-33,Birch,"Gift of Artek-Pascoe, Inc.",56.1946.1,1946-05-07,1881,1932.0,1946
1264,Stacking Stools (model 60),Alvar Aalto,34,1932–1933,Laminated birch and lacquered plywood,"Gift of Artek-Pascoe, Inc.",56.1946.1-3,1946-05-07,1882,1932.0,1946
1265,Stacking Stools (model 60),Alvar Aalto,34,1932-33,Birch,"Gift of Artek-Pascoe, Inc.",56.1946.2,1946-05-07,1883,1932.0,1946
1335,Casserole,Timo Sarpaneva,5168,1959,Cast iron and teak,Gift of the designer,71.1990.a-c,1990-01-17,1980,1959.0,1990
1389,Fish,Dora Jung,2953,c. 1969,Satin damask,Given anonymously,483.1975,1975-03-31,2047,1969.0,1975
1469,Bowl,Göran Hongell,2720,1930s,Crystal,Gift of Finland Ceramics & Glass Corp.,109.1948,1948-03-17,2150,1930.0,1948
1505,Woodnotes Textile,Ritva Puotila,7510,1987-91,Paper twine,Gift of the manufacturer,117.1996.1-6,1996-04-09,2191,1987.0,1996
1511,Pitcher,Kaj Franck,1968,1954,Turn mold-blown glass,Best Products Co. Fund,119.1992,1992-01-15,2200,1954.0,1992
1515,Tumblers,Kaj Franck,1968,1954,Turn mold-blown glass,Best Products Co. Fund,120.1992.1-6,1992-01-15,2205,1954.0,1992
1544,Vase,Kaj Franck,1968,1955,Crystal,Gift of the Finnish Ministry of Commerce and Industry,128.1957,1957-05-15,2243,1955.0,1957
1556,Jäkälä Vase,Tapio Wirkkala,6409,1950,Crystal,Gift of the Finnish Ministry of Commerce and Industry,131.1957,1957-05-15,2256,1950.0,1957
1652,Sauna Stool,Antti Nurmesniemi,6613,1952,Laminated birch and teak,"Gift of the Palace Hotel, Helsinki",170.1991,1991-06-04,2369,1952.0,1991
1742,Stools (model Y61),Alvar Aalto,34,1946-47,Wood and cotton webbing,Gift of John C. Waddell,194.1998.1-3,1998-01-01,2478,1946.0,1998
1751,Gyro Chair,Eero Aarnio,36,1968,Fiberglass,Joy E. Feinberg Fund and Friends of the Department Fund,196.1987,1987-05-27,2490,1968.0,1987
1799,Kilta Tableware,Kaj Franck,1968,1948,Glazed earthenware,"Gift of Waertsila Corporation, New York",144.1955.1-10,1955-04-06,2540,1948.0,1955
1800,Kilta Tableware,Kaj Franck,1968,1948,Glazed earthenware,"Gift of Waertsila Corporation, New York",144.1955.10,1955-04-06,2541,1948.0,1955
1801,Kilta Tableware,Kaj Franck,1968,1948,Glazed earthenware,"Gift of Waertsila Corporation, New York",144.1955.4,1955-04-06,2542,1948.0,1955
1802,Kilta Tableware,Kaj Franck,1968,1948,Glazed earthenware,"Gift of Waertsila Corporation, New York",144.1955.5a-b,1955-04-06,2543,1948.0,1955
1803,Kilta Tableware,Kaj Franck,1968,1948,Glazed earthenware,"Gift of Waertsila Corporation, New York",144.1955.9,1955-04-06,2544,1948.0,1955
1808,Convertible Sofa,Alvar Aalto,34,1930–1932,"Chrome-plated steel frame, wool upholstery, and painted wood arms",Phyllis B. Lambert Fund,145.1958,1958-12-04,2549,1930.0,1958
1811,Stacking Stool (model 60),Alvar Aalto,34,1932-33,Birch,Phyllis B. Lambert Fund,146.1958,1958-12-04,2553,1932.0,1958
1814,Stool (model X600),Alvar Aalto,34,1954,Birch and leather,Phyllis B. Lambert Fund,147.1958,1958-12-04,2556,1954.0,1958
1955,Tea Trolley (model 98),Alvar Aalto,34,1936-37,"Linoleum top, natural birch frame, and lacquered wheels with rubber tread","Gift of ICF, Inc.",216.1981,1981-04-30,2729,1936.0,1981
1970,Dinner Plates,Friedl Holzer-Kjellberg,2715,1954,Glazed porcelain,Phyllis B. Lambert Fund,218.1958.1-2,1958-12-04,2747,1954.0,1958
1979,Double Teapot,"Francesca Lindh, Richard Lindh","3557, 3558",1956,Glazed earthenware,Phyllis B. Lambert Fund,219.1958.1-2,1958-12-04,2758,1956.0,1958
2039,Pitcher,Kaj Franck,1968,1954,Glass,Phyllis B. Lambert Fund,226.1958,1958-12-04,2827,1954.0,1958
2047,Tumblers,Kaj Franck,1968,c. 1953,Pressed glass,Phyllis B. Lambert Fund,227.1958.1-2,1958-12-04,2837,1953.0,1958
2053,Munankuori Bowl (model 3303),Gunnel Nyman,4352,1947,Blown glass,Gift of Finland Ceramics and Glass Corp.,228.1950,1950-06-08,2843,1947.0,1950
2089,Aarne Glasses,Göran Hongell,2720,1948,Turn mold-blown glass,Phyllis B. Lambert Fund,232.1958.1-2,1958-12-04,2883,1948.0,1958
2098,Triennale Cocktail Glass,Timo Sarpaneva,5168,1956-1957,Glass,Phyllis B. Lambert Fund,233.1958,1958-12-04,2893,1956.0,1958
2129,Kilta Creamer,Kaj Franck,1968,c. 1953,Glazed earthenware,Purchase,235.1994,1994-05-03,2926,1953.0,1994
2138,Kilta Egg Cups,Kaj Franck,1968,c. 1953,Glazed earthenware,Purchase,236.1994.1-2,1994-05-03,2936,1953.0,1994
2151,Carafe,Olli Aninbaum,5796,1978,Glass,"Gift of Wartsila, Inc.",238.1981,1981-04-30,2952,1978.0,1981
2179,Platter,Tapio Wirkkala,6409,1951,Plywood,Gift of Greta Daniel,242.1953,1953-04-07,2986,1951.0,1953
2182,Salt and Pepper Shakers,Kaj Franck,1968,1947,Glazed earthenware (hard faience),"Skidmore, Owings & Merrill Design Collection Purchase Fund",242.1986.1-2,1986-10-07,2990,1947.0,1986
2188,Bowl,Tapio Wirkkala,6409,1957,Laminated Palisander and teak wood,Phyllis B. Lambert Fund,243.1958,1958-12-04,2996,1957.0,1958
2201,Bowl,Tapio Wirkkala,6409,1957,Laminated Palisander and teak wood,Phyllis B. Lambert Fund,244.1958,1958-12-04,3011,1957.0,1958
2241,Vase,Tapio Wirkkala,6409,1956,Porcelain,Gift of Greta Daniel,250.1958,1958-12-04,3058,1956.0,1958
2246,Bowl,Tapio Wirkkala,6409,1950,Crystal,Phyllis B. Lambert Fund,251.1958,1958-12-04,3065,1950.0,1958
2250,Platter,Timo Sarpaneva,5168,1956,Steam-blown glass,Phyllis B. Lambert Fund,252.1958,1958-12-04,3069,1956.0,1958
2269,Incandescent Bulb (model 85),Tapio Wirkkala,6409,1959,Glass,Gift of the manufacturer,257.1962,1962-11-07,3095,1959.0,1962
2272,Container,Saara Hopea,2724,1954,Steel and glass,Phyllis B. Lambert Fund,258.1958.a-b,1958-12-04,3098,1954.0,1958
2273,Incandescent Bulb (model WIR105),Tapio Wirkkala,6409,1959,Glass,Gift of the manufacturer,258.1962,1962-11-07,3100,1959.0,1962
2287,Platter,Nanny Still,5666,c. 1949-62,Glass,Philip Johnson Fund,261.1962,1962-11-07,3116,1949.0,1962
2290,Tumblers,Kaj Franck,1968,c. 1953,Glass,Gift of Waertsila Corporation,262.1954.1-10,1954-06-16,3120,1953.0,1954
2291,Table Lamp,Yki Nummi,4346,1955,Acrylic,Phyllis B. Lambert Fund,262.1958.a-b,1958-12-04,3121,1955.0,1958
2292,Platter,Nanny Still,5666,c. 1950-62,Teak,Phyllis B. Lambert Fund,262.1962,1962-11-07,3122,1950.0,1962
2333,Vase,Kaj Franck,1968,1957,Glass,Phyllis B. Lambert Fund,275.1958,1958-12-04,3166,1957.0,1958
2335,Stacking Armchair,Alvar Aalto,34,1929,Solid and laminated birch and plywood,Gift of Michael Whiteway,275.1984,1984-10-30,3168,1929.0,1984
2336,Carafe,Timo Sarpaneva,5168,1956,Glass,Phyllis B. Lambert Fund,276.1958,1958-12-04,3169,1956.0,1958
2338,Cantilevered Stacking Side Chair,Alvar Aalto,34,1930,Chrome-plated tubular steel and molded plywood,Lord & Taylor Fund,276.1984,1984-10-30,3171,1930.0,1984
2340,Side Chair,Alvar Aalto,34,c. 1932,Solid and laminated birch,Gift of Manfred Ludewig,277.1984,1984-10-30,3173,1932.0,1984
2341,Cantilevered Armchair (model 406),Alvar Aalto,34,c. 1970,Laminated birch and rattan,"Gift of ICF, Inc.",278.1984,1984-10-30,3175,1970.0,1984
2354,Tumblers and Schnapps Glass,Saara Hopea,2724,1951,Blown glass,Gift of Barbro Kulvik and Antti Siltavuori,286.1984.1-3,1984-10-30,3190,1951.0,1984
2407,Scissors,Olof Backstrom,271,"Designed 1960-1967, this example 1976",Plastic and stainless steel,Greta Daniel Fund,306.1977,1977-06-01,3250,1967.0,1977
2474,Vase (model 3580),Tapio Wirkkala,6409,1955,Glass,Gift of the Chase Manhattan Bank,339.1960,1960-11-16,3332,1955.0,1960
2489,Puukko Knife and Sheath,Tapio Wirkkala,6409,1961,"Steel blade, nylon handle, brass fittings, and leather sheath",Greta Daniel Design Fund,345.1966.a-b,1966-05-10,3349,1961.0,1966
2581,Platter,Kari Virtanen,7242,1987,Birch,Gift of the designer,366.1993,1993-11-04,3451,1987.0,1993
2674,Vase,Tapio Wirkkala,6409,1963,Glazed porcelain,Gift of the manufacturer,425.1964,1964-04-14,3551,1963.0,1964
2678,Cheese Plate and Cover,Yki Nummi,4346,1963,Plastic and walnut,Greta Daniel Design Fund,426.1964.a-b,1964-04-14,3555,1963.0,1964
2695,Tumbler,Aino Aalto,35,1932,Pressed glass,Greta Daniel Fund,431.1983,1983-05-17,3573,1932.0,1983
2699,Armchair (model 400) (Cantilevered armchair),Alvar Aalto,34,1936,Laminated birch and upholstery,Estée and Joseph Lauder Design Fund,432.1983,1983-05-17,3577,1936.0,1983
2730,Tumblers (model 2064),Tapio Wirkkala,6409,c. 1956,Glass,Purchase,441.1992.1-3,1992-10-21,3608,1956.0,1992
2767,Pitcher,Saara Hopea,2724,1951,Blown glass,Gift of Barbro Kulvik and Antti Siltavuori,449.1983,1983-05-17,3651,1951.0,1983
2848,Fruit Bowl,Kaj Franck,1968,c. 1950,Blown glass,Gift of Peter S. Reed,394.1994,1994-09-21,3737,1950.0,1994
2911,Stacking Glasses,Saara Hopea,2724,1951,Blown glass,Gift of Barbro Kulvik and Antti Siltavuori,450.1983.1-4,1983-05-17,3806,1951.0,1983
3013,Bowl,Tapio Wirkkala,6409,1951,Crystal,Purchase,466.1956,1956-10-25,3918,1951.0,1956
3030,Plate,Timo Sarpaneva,5168,1960s,Glass,Gift of the Contemporary Arts Council of The Museum of Modern Art in memory of Hedi Kravis Ruger,468.1997,1997-10-17,3935,1960.0,1997
3169,Stool (no. V63),Alvar Aalto,34,1946-47,Solid and laminated wood and rattan,Marshall Cogan Purchase Fund,558.1981,1981-12-10,4087,1946.0,1981
3234,Otso Drinking Glasses,Valto Kokko,3196,1978,Glass,Gift of the manufacturer,639.1980.1-6,1980-10-30,4155,1978.0,1980
3268,Kilta Covered Containers,Kaj Franck,1968,1948,Glazed earthenware,Gift of Waertsila Corp.,669.1954.1-4,1954-12-16,4202,1948.0,1954
3283,Dish,Kaj Franck,1968,1946,Mold-blown glass,Gift from the collection of Mr. and Mrs. Albert Greene,682.1995,1995-09-20,4218,1946.0,1995
3285,Hors d'Oeuvre Dish,Kaj Franck,1968,1957,Earthenware,Gift of Mr. & Mrs. Walter Hochschild Purchase Fund,683.1995.1-2,1995-09-17,4220,1957.0,1995
3287,Marja Cocktail Glass,Saara Hopea,2724,1956,Blown glass,Mr. and Mrs. Hochschild Purchase Fund,685.1995.1-4,1995-09-20,4222,1956.0,1995
3292,Devil's Churn Object,Timo Sarpaneva,5168,1951,"Hand-shaped, sand-blasted, and acid-polished glass",Gift from the collection of Mr. and Mrs. Albert Greene,690.1995,1995-09-20,4227,1951.0,1995
3293,Ball Glasses,Timo Sarpaneva,5168,1955,Blown glass,Mr. and Mrs. Walter Hochschild Purchase Fund,691.1995.1-5,1995-09-20,4228,1955.0,1995
3294,Carafe,Timo Sarpaneva,5168,1957,Glass,Mr. and Mrs. Walter Hochschild Purchase Fund,692.1995,1995-09-20,4229,1957.0,1995
3328,Coffeepots,Antti Nurmesniemi,6613,1957,Enameled steel and plastic,Gift of the designer,505.1990.1-2,1990-10-24,4263,1957.0,1990
3406,Ovalis Vase,Tapio Wirkkala,6409,1958,Crystal,Gift of the manufacturer,539.1977,1977-11-28,4352,1958.0,1977
3434,Paimio Lounge Chair (model 41),Alvar Aalto,34,1931-1932,Laminated birch and lacquered molded plywood,"Edgar Kaufmann, Jr. Fund",711.1943,1943-11-04,4385,1931.0,1943
3436,Savoy Vase,Alvar Aalto,34,1936–1937,Mold-blown glass,"Gift of Artek-Pascoe, Inc.",712.1943,1943-11-04,4387,1936.0,1943
3443,Candle Holder,Nanny Still,5666,c. 1949-63,Glass and wood,Purchase,717.1966.a-b,1966-12-06,4396,1949.0,1966
3448,Vase (model 2789/24/1517),Tapio Wirkkala,6409,1963,Porcelain,Gift of the manufacturer,721.1966,1966-12-06,4403,1963.0,1966
3451,Side Table,Alvar Aalto,34,1931-32,Laminated birch and lacquered molded plywood,Architecture and Design Interest Fund,722.1983,1983-11-30,4406,1931.0,1983
3452,Armchair,Alvar Aalto,34,1932-33,Birch and upholstery,Marcel Breuer Design Fund,723.1983,1983-11-30,4407,1932.0,1983
3453,Tea Trolley (model 98),Alvar Aalto,34,1936–1937,"Laminated birch, linoleum, and rubber",Marshall Cogan Purchase Fund,724.1983,1983-11-30,4408,1936.0,1983
3460,Shot Glasses,Kaj Franck,1968,1953,Molded glass,Purchase,730.1983.1-6,1983-11-30,4416,1953.0,1983
3477,Tumbler (model i-103),Timo Sarpaneva,5168,1956,Blown glass,Purchase,742.1983,1983-11-30,4437,1956.0,1983
3492,Stacking Armchair (model 403),Alvar Aalto,34,1931–1932,Lacqured birch and enamelled birch plywood,Purchase,833.1942,1942-01-01,4460,1931.0,1942
3616,Pisaranrengas Glasses,Timo Sarpaneva,5168,1963,Glass,Gift of Emilio Ambasz,1134.1969.1-3,1969-12-01,4601,1963.0,1969
3655,Vase,Alvar Aalto,34,1936–1956,Mold-blown glass,Given anonymously,1295.2001,2001-04-30,4658,1936.0,2001
3657,Tumbler (2746),Kaj Franck,1968,1954,Turn mold-blown glass,Given anonymously,1300.2001,2001-04-30,4663,1954.0,2001
3660,Aarne Shot Glasses,Göran Hongell,2720,1948,Turn mold-blown glass,Given anonymously,1303.2001.1-6,2001-04-30,4666,1948.0,2001
3699,Composition Cutlery,Tapio Wirkkala,6409,1963,Stainless steel,Given anonymously,1341.2001.1-12,2001-04-30,4706,1963.0,2001
3714,Bowl,Tapio Wirkkala,6409,1957,Laminated teak and palisander wood,Anonymous gift,1431.2001,2001-04-30,4726,1957.0,2001
3740,Stool,Antti Nurmesniemi,6613,1964,Chrome-plated steel and leather,"Gift of Bonniers, Inc.",2238.1967,1967-10-18,4754,1964.0,1967
4837,Poster for Bil Aktiebolaget (Car Company Inc.),Akseli Gallen-Kallela,2059,1907,Lithograph,Purchase and gift of Aivi and Pirkko Gallen-Kallela,267.1986,1986-10-07,5950,1907.0,1986
6219,DDT,"Jukka Veistola, Tapio Salmelainen","6123, 11621",1970,Offset lithograph,Gift of the designers,514.1987,1987-11-18,7344,1970.0,1987
6223,UNICEF poster,Jukka Veistola,6123,1969,Offset lithograph,Gift of the designer,515.1987,1987-11-18,7348,1969.0,1987
7703,Karhula-Iitala,Timo Sarpaneva,5168,c. 1955,Photolithograph,Gift of the designer,1537.2000,2000-12-11,8834,1955.0,2000
7750,Finland,Per-Olof Nyström,23348,1960,Lithograph and photolithograph,Gift of the designer,1576.2000,2000-12-11,8881,1960.0,2000
75622,Swell Soundwave Panels,Teppo Asikainen,22564,1999-2000,Recyclable polyester fiber,Gift of the manufacturer,1403.2001.1-9,2001-05-11,82135,1999.0,2001
75648,Globlow Lamp,"Vesa Hinkola, Markus Nevalainen, Rane Vaskivuori","22586, 22574, 22587",1996,"Steel, nylon, and 12W fan",Gift of the manufacturer,1417.2001,2001-05-11,82161,1996.0,2001
76108,Lansetti I,Timo Sarpaneva,5168,1952,Clear and white opal glass,Gift of Edgar Smith,2393.2001,2001-10-09,82729,1952.0,2001
76109,Orchid Bud Vase,Timo Sarpaneva,5168,c. 1953,Glass,Gift of Edgar Smith,2392.2001,2001-10-09,82730,1953.0,2001
77233,Vase (3031),Alvar Aalto,34,1936,Mold-blown glass,Gift of Clarissa Alcock Bronfman,150.2002,2002-05-13,84130,1936.0,2002
80951,Vase (3031),Alvar Aalto,34,1936,Mold-blown glass,Gift of Rob Beyer,347.2004,2004-04-22,89289,1936.0,2004
81533,Stacking Glasses,Saara Hopea,2724,1951,Blown glass,Gift of Barbro Kulvik and Antti Siltavuori,450.1983.1,1983-05-17,91414,1951.0,1983
81712,Tumbler,Kaj Franck,1968,1954,Turn mold-blown glass,Best Products Co. Fund,120.1992.1,1992-01-15,91791,1954.0,1992
81713,Tumbler,Kaj Franck,1968,1954,Turn mold-blown glass,Best Products Co. Fund,120.1992.2,1992-01-15,91792,1954.0,1992
81714,Tumbler,Kaj Franck,1968,1954,Turn mold-blown glass,Best Products Co. Fund,120.1992.3,1992-01-15,91793,1954.0,1992
81715,Tumbler,Kaj Franck,1968,1954,Turn mold-blown glass,Best Products Co. Fund,120.1992.4,1992-01-15,91794,1954.0,1992
81716,Tumbler,Kaj Franck,1968,1954,Turn mold-blown glass,Best Products Co. Fund,120.1992.5,1992-01-15,91795,1954.0,1992
81717,Tumbler,Kaj Franck,1968,1954,Turn mold-blown glass,Best Products Co. Fund,120.1992.6,1992-01-15,91796,1954.0,1992
82573,Stacking Stools (model 60),Alvar Aalto,34,1932-33,Birch,Gift of the manufacturer,493.2004.1-9,2004-10-14,93103,1932.0,2004
86481,"""Lehti"" Tray",Maria Jauhiainen,29260,2001-03,Brass and polymer-based enamel,Agnes Gund Purchase Fund,837.2005,2005-10-18,99011,2001.0,2005
86845,Side Chair,Alvar Aalto,34,c. 1930,Birch,Gift of Henry-Russell Hitchcock,466.1972,1972-04-11,100389,1930.0,1972
88823,Stacking Glasses,Saara Hopea,2724,1951,Blown glass,Gift of Barbro Kulvik and Antti Siltavuori,450.1983.2,1983-05-17,105847,1951.0,1983
88824,Stacking Glasses,Saara Hopea,2724,1951,Blown glass,Gift of Barbro Kulvik and Antti Siltavuori,450.1983.3,1983-05-17,105848,1951.0,1983
88825,Stacking Glasses,Saara Hopea,2724,1951,Blown glass,Gift of Barbro Kulvik and Antti Siltavuori,450.1983.4,1983-05-17,105849,1951.0,1983
110264,Puppy,Eero Aarnio,36,2005,Polyethylene,Gift of the manufacturer,131.2013.1-2,2013-02-11,161383,2005.0,2013
123077,Snake,Taneli Armanto,134524,1997,Video game software,Anonymous gift,1081.2015,2015-10-19,196072,1997.0,2015
132689,Untitled,Eliel Saarinen,64766,n.d.,Pencil on paper,"Gift of the Gilbert B. and Lila Silverman Instruction Drawing Collection, Detroit",2130.2018,2018-11-05,289373,,2018
135261,Tracing\Piece 1,Caroline Slotte,131528,2015,Reworked plastic,Gift of Lise Stolt-Nielsen and the Committee on Architecture and Design Funds,168.2019,2019-11-04,396735,2015.0,2019
135262,Tracing\Piece 2,Caroline Slotte,131528,2015,Reworked ceramic,Gift of Lise Stolt-Nielsen and the Committee on Architecture and Design Funds,169.2019,2019-11-04,396736,2015.0,2019
135263,Damaged Goods\Piece 1,Caroline Slotte,131528,2009,Reworked ceramic,Gift of Lise Stolt-Nielsen and the Architecture & Design Purchase Fund,166.2019,2019-11-04,396737,2009.0,2019
135264,Damaged Goods\Piece 2,Caroline Slotte,131528,2012,Reworked plastic,Gift of Lise Stolt-Nielsen and the Committee on Architecture and Design Funds,167.2019,2019-11-04,396738,2012.0,2019
135265,Under Blue Skies,Caroline Slotte,131528,2015,Reworked ceramic,Gift of Lise Stolt-Nielsen and the Committee on Architecture and Design Funds,170.2019,2019-11-04,396739,2015.0,2019
