,Source,ObjectID,Title,Year,Medium,Artist,ArtistOrder,ConstituentID,Nationality,Gender,BeginDate,EndDate,Wiki QID,ULAN
0,MoMA,1091,Prisma Tumblers,1967.0,Glass,Kaj Franck,8,1968,Finnish,male,1911,1989,Q909809,500103402.0
1,MoMA,1184,Tea Strainer,1955.0,Metal,Bertel Gardberg,10,7381,Finnish,male,1916,2007,,
2,MoMA,1185,Triennale Flatware,1957.0,Metal,Bertel Gardberg,10,7381,Finnish,male,1916,2007,,
3,MoMA,1572,Kilta Storage Container,1948.0,Ceramics,Kaj Franck,8,1968,Finnish,male,1911,1989,Q909809,500103402.0
4,MoMA,1583,Kilta Storage Container,1948.0,Ceramics,Kaj Franck,8,1968,Finnish,male,1911,1989,Q909809,500103402.0
5,MoMA,1594,Pitcher 1621-100cl,1953.0,Glass,Kaj Franck,8,1968,Finnish,male,1911,1989,Q909809,500103402.0
6,MoMA,1673,Block Lamp,1996.0,Glass,Harri Koskinen,18,8417,Finnish,male,1970,0,,
7,MoMA,1866,Dish,1930.0,Glass,Alvar Aalto,2,34,Finnish,male,1898,1976,Q82840,500002617.0
8,MoMA,1881,Stacking Stools (model 60),1932.0,Wood,Alvar Aalto,2,34,Finnish,male,1898,1976,Q82840,500002617.0
9,MoMA,1882,Stacking Stools (model 60),1932.0,Wood,Alvar Aalto,2,34,Finnish,male,1898,1976,Q82840,500002617.0
10,MoMA,1883,Stacking Stools (model 60),1932.0,Wood,Alvar Aalto,2,34,Finnish,male,1898,1976,Q82840,500002617.0
11,MoMA,1980,Casserole,1959.0,Metal,Timo Sarpaneva,29,5168,Finnish,male,1926,2006,Q2703990,500102782.0
12,MoMA,2047,Fish,1969.0,Other,Dora Jung,16,2953,Finnish,female,1906,1980,Q11856286,
13,MoMA,2150,Bowl,1930.0,Glass,Göran Hongell,13,2720,Finnish,male,1902,1973,,
14,MoMA,2191,Woodnotes Textile,1987.0,Paper,Ritva Puotila,26,7510,Finnish,female,1935,0,,
15,MoMA,2200,Pitcher,1954.0,Glass,Kaj Franck,8,1968,Finnish,male,1911,1989,Q909809,500103402.0
16,MoMA,2205,Tumblers,1954.0,Glass,Kaj Franck,8,1968,Finnish,male,1911,1989,Q909809,500103402.0
17,MoMA,2243,Vase,1955.0,Glass,Kaj Franck,8,1968,Finnish,male,1911,1989,Q909809,500103402.0
18,MoMA,2256,Jäkälä Vase,1950.0,Glass,Tapio Wirkkala,35,6409,Finnish,male,1915,1985,Q550411,500097462.0
19,MoMA,2369,Sauna Stool,1952.0,Wood,Antti Nurmesniemi,23,6613,Finnish,male,1927,2003,Q4777425,500003545.0
20,MoMA,2478,Stools (model Y61),1946.0,Wood,Alvar Aalto,2,34,Finnish,male,1898,1976,Q82840,500002617.0
21,MoMA,2490,Gyro Chair,1968.0,Glass,Eero Aarnio,3,36,Finnish,male,1932,0,Q707025,500270610.0
22,MoMA,2540,Kilta Tableware,1948.0,Ceramics,Kaj Franck,8,1968,Finnish,male,1911,1989,Q909809,500103402.0
23,MoMA,2541,Kilta Tableware,1948.0,Ceramics,Kaj Franck,8,1968,Finnish,male,1911,1989,Q909809,500103402.0
24,MoMA,2542,Kilta Tableware,1948.0,Ceramics,Kaj Franck,8,1968,Finnish,male,1911,1989,Q909809,500103402.0
25,MoMA,2543,Kilta Tableware,1948.0,Ceramics,Kaj Franck,8,1968,Finnish,male,1911,1989,Q909809,500103402.0
26,MoMA,2544,Kilta Tableware,1948.0,Ceramics,Kaj Franck,8,1968,Finnish,male,1911,1989,Q909809,500103402.0
27,MoMA,2549,Convertible Sofa,1930.0,Metal,Alvar Aalto,2,34,Finnish,male,1898,1976,Q82840,500002617.0
28,MoMA,2553,Stacking Stool (model 60),1932.0,Wood,Alvar Aalto,2,34,Finnish,male,1898,1976,Q82840,500002617.0
29,MoMA,2556,Stool (model X600),1954.0,Wood,Alvar Aalto,2,34,Finnish,male,1898,1976,Q82840,500002617.0
30,MoMA,2729,Tea Trolley (model 98),1936.0,Wood,Alvar Aalto,2,34,Finnish,male,1898,1976,Q82840,500002617.0
31,MoMA,2747,Dinner Plates,1954.0,Ceramics,Friedl Holzer-Kjellberg,12,2715,Finnish,male,1905,1993,,
32,MoMA,2827,Pitcher,1954.0,Glass,Kaj Franck,8,1968,Finnish,male,1911,1989,Q909809,500103402.0
33,MoMA,2837,Tumblers,1953.0,Glass,Kaj Franck,8,1968,Finnish,male,1911,1989,Q909809,500103402.0
34,MoMA,2843,Munankuori Bowl (model 3303),1947.0,Glass,Gunnel Nyman,24,4352,Finnish,male,1909,1948,Q4970605,500279544.0
35,MoMA,2883,Aarne Glasses,1948.0,Glass,Göran Hongell,13,2720,Finnish,male,1902,1973,,
36,MoMA,2893,Triennale Cocktail Glass,1956.0,Glass,Timo Sarpaneva,29,5168,Finnish,male,1926,2006,Q2703990,500102782.0
37,MoMA,2926,Kilta Creamer,1953.0,Ceramics,Kaj Franck,8,1968,Finnish,male,1911,1989,Q909809,500103402.0
38,MoMA,2936,Kilta Egg Cups,1953.0,Ceramics,Kaj Franck,8,1968,Finnish,male,1911,1989,Q909809,500103402.0
39,MoMA,2952,Carafe,1978.0,Glass,Olli Aninbaum,4,5796,Finnish,male,1945,2019,,
40,MoMA,2986,Platter,1951.0,Wood,Tapio Wirkkala,35,6409,Finnish,male,1915,1985,Q550411,500097462.0
41,MoMA,2990,Salt and Pepper Shakers,1947.0,Ceramics,Kaj Franck,8,1968,Finnish,male,1911,1989,Q909809,500103402.0
42,MoMA,2996,Bowl,1957.0,Wood,Tapio Wirkkala,35,6409,Finnish,male,1915,1985,Q550411,500097462.0
43,MoMA,3011,Bowl,1957.0,Wood,Tapio Wirkkala,35,6409,Finnish,male,1915,1985,Q550411,500097462.0
44,MoMA,3058,Vase,1956.0,Ceramics,Tapio Wirkkala,35,6409,Finnish,male,1915,1985,Q550411,500097462.0
45,MoMA,3065,Bowl,1950.0,Glass,Tapio Wirkkala,35,6409,Finnish,male,1915,1985,Q550411,500097462.0
46,MoMA,3069,Platter,1956.0,Glass,Timo Sarpaneva,29,5168,Finnish,male,1926,2006,Q2703990,500102782.0
47,MoMA,3095,Incandescent Bulb (model 85),1959.0,Glass,Tapio Wirkkala,35,6409,Finnish,male,1915,1985,Q550411,500097462.0
48,MoMA,3098,Container,1954.0,Glass,Saara Hopea,14,2724,Finnish,female,1925,1984,,
49,MoMA,3100,Incandescent Bulb (model WIR105),1959.0,Glass,Tapio Wirkkala,35,6409,Finnish,male,1915,1985,Q550411,500097462.0
50,MoMA,3116,Platter,1949.0,Glass,Nanny Still,31,5666,Finnish,female,1926,2009,,
51,MoMA,3120,Tumblers,1953.0,Glass,Kaj Franck,8,1968,Finnish,male,1911,1989,Q909809,500103402.0
52,MoMA,3121,Table Lamp,1955.0,Plastic,Yki Nummi,22,4346,Finnish,male,1925,1984,,
53,MoMA,3122,Platter,1950.0,Wood,Nanny Still,31,5666,Finnish,female,1926,2009,,
54,MoMA,3166,Vase,1957.0,Glass,Kaj Franck,8,1968,Finnish,male,1911,1989,Q909809,500103402.0
55,MoMA,3168,Stacking Armchair,1929.0,Wood,Alvar Aalto,2,34,Finnish,male,1898,1976,Q82840,500002617.0
56,MoMA,3169,Carafe,1956.0,Glass,Timo Sarpaneva,29,5168,Finnish,male,1926,2006,Q2703990,500102782.0
57,MoMA,3171,Cantilevered Stacking Side Chair,1930.0,Wood,Alvar Aalto,2,34,Finnish,male,1898,1976,Q82840,500002617.0
58,MoMA,3173,Side Chair,1932.0,Wood,Alvar Aalto,2,34,Finnish,male,1898,1976,Q82840,500002617.0
59,MoMA,3175,Cantilevered Armchair (model 406),1970.0,Wood,Alvar Aalto,2,34,Finnish,male,1898,1976,Q82840,500002617.0
60,MoMA,3190,Tumblers and Schnapps Glass,1951.0,Glass,Saara Hopea,14,2724,Finnish,female,1925,1984,,
61,MoMA,3250,Scissors,1967.0,Metal,Olof Backstrom,7,271,Finnish,male,1922,1998,,
62,MoMA,3332,Vase (model 3580),1955.0,Glass,Tapio Wirkkala,35,6409,Finnish,male,1915,1985,Q550411,500097462.0
63,MoMA,3349,Puukko Knife and Sheath,1961.0,Metal,Tapio Wirkkala,35,6409,Finnish,male,1915,1985,Q550411,500097462.0
64,MoMA,3451,Platter,1987.0,Wood,Kari Virtanen,34,7242,Finnish,male,1948,0,,
65,MoMA,3551,Vase,1963.0,Ceramics,Tapio Wirkkala,35,6409,Finnish,male,1915,1985,Q550411,500097462.0
66,MoMA,3555,Cheese Plate and Cover,1963.0,Plastic,Yki Nummi,22,4346,Finnish,male,1925,1984,,
67,MoMA,3573,Tumbler,1932.0,Glass,Aino Aalto,1,35,Finnish,female,1894,1949,Q273511,500024110.0
68,MoMA,3577,Armchair (model 400) (Cantilevered armchair),1936.0,Wood,Alvar Aalto,2,34,Finnish,male,1898,1976,Q82840,500002617.0
69,MoMA,3608,Tumblers (model 2064),1956.0,Glass,Tapio Wirkkala,35,6409,Finnish,male,1915,1985,Q550411,500097462.0
70,MoMA,3651,Pitcher,1951.0,Glass,Saara Hopea,14,2724,Finnish,female,1925,1984,,
71,MoMA,3737,Fruit Bowl,1950.0,Glass,Kaj Franck,8,1968,Finnish,male,1911,1989,Q909809,500103402.0
72,MoMA,3806,Stacking Glasses,1951.0,Glass,Saara Hopea,14,2724,Finnish,female,1925,1984,,
73,MoMA,3918,Bowl,1951.0,Glass,Tapio Wirkkala,35,6409,Finnish,male,1915,1985,Q550411,500097462.0
74,MoMA,3935,Plate,1960.0,Glass,Timo Sarpaneva,29,5168,Finnish,male,1926,2006,Q2703990,500102782.0
75,MoMA,4087,Stool (no. V63),1946.0,Wood,Alvar Aalto,2,34,Finnish,male,1898,1976,Q82840,500002617.0
76,MoMA,4155,Otso Drinking Glasses,1978.0,Glass,Valto Kokko,17,3196,Finnish,male,1933,2017,,
77,MoMA,4202,Kilta Covered Containers,1948.0,Ceramics,Kaj Franck,8,1968,Finnish,male,1911,1989,Q909809,500103402.0
78,MoMA,4218,Dish,1946.0,Glass,Kaj Franck,8,1968,Finnish,male,1911,1989,Q909809,500103402.0
79,MoMA,4220,Hors d'Oeuvre Dish,1957.0,Ceramics,Kaj Franck,8,1968,Finnish,male,1911,1989,Q909809,500103402.0
80,MoMA,4222,Marja Cocktail Glass,1956.0,Glass,Saara Hopea,14,2724,Finnish,female,1925,1984,,
81,MoMA,4227,Devil's Churn Object,1951.0,Glass,Timo Sarpaneva,29,5168,Finnish,male,1926,2006,Q2703990,500102782.0
82,MoMA,4228,Ball Glasses,1955.0,Glass,Timo Sarpaneva,29,5168,Finnish,male,1926,2006,Q2703990,500102782.0
83,MoMA,4229,Carafe,1957.0,Glass,Timo Sarpaneva,29,5168,Finnish,male,1926,2006,Q2703990,500102782.0
84,MoMA,4263,Coffeepots,1957.0,Metal,Antti Nurmesniemi,23,6613,Finnish,male,1927,2003,Q4777425,500003545.0
85,MoMA,4352,Ovalis Vase,1958.0,Glass,Tapio Wirkkala,35,6409,Finnish,male,1915,1985,Q550411,500097462.0
86,MoMA,4385,Paimio Lounge Chair (model 41),1931.0,Wood,Alvar Aalto,2,34,Finnish,male,1898,1976,Q82840,500002617.0
87,MoMA,4387,Savoy Vase,1936.0,Glass,Alvar Aalto,2,34,Finnish,male,1898,1976,Q82840,500002617.0
88,MoMA,4396,Candle Holder,1949.0,Glass,Nanny Still,31,5666,Finnish,female,1926,2009,,
89,MoMA,4403,Vase (model 2789/24/1517),1963.0,Ceramics,Tapio Wirkkala,35,6409,Finnish,male,1915,1985,Q550411,500097462.0
90,MoMA,4406,Side Table,1931.0,Wood,Alvar Aalto,2,34,Finnish,male,1898,1976,Q82840,500002617.0
91,MoMA,4407,Armchair,1932.0,Wood,Alvar Aalto,2,34,Finnish,male,1898,1976,Q82840,500002617.0
92,MoMA,4408,Tea Trolley (model 98),1936.0,Wood,Alvar Aalto,2,34,Finnish,male,1898,1976,Q82840,500002617.0
93,MoMA,4416,Shot Glasses,1953.0,Glass,Kaj Franck,8,1968,Finnish,male,1911,1989,Q909809,500103402.0
94,MoMA,4437,Tumbler (model i-103),1956.0,Glass,Timo Sarpaneva,29,5168,Finnish,male,1926,2006,Q2703990,500102782.0
95,MoMA,4460,Stacking Armchair (model 403),1931.0,Wood,Alvar Aalto,2,34,Finnish,male,1898,1976,Q82840,500002617.0
96,MoMA,4601,Pisaranrengas Glasses,1963.0,Glass,Timo Sarpaneva,29,5168,Finnish,male,1926,2006,Q2703990,500102782.0
97,MoMA,4658,Vase,1936.0,Glass,Alvar Aalto,2,34,Finnish,male,1898,1976,Q82840,500002617.0
98,MoMA,4663,Tumbler (2746),1954.0,Glass,Kaj Franck,8,1968,Finnish,male,1911,1989,Q909809,500103402.0
99,MoMA,4666,Aarne Shot Glasses,1948.0,Glass,Göran Hongell,13,2720,Finnish,male,1902,1973,,
100,MoMA,4706,Composition Cutlery,1963.0,Metal,Tapio Wirkkala,35,6409,Finnish,male,1915,1985,Q550411,500097462.0
101,MoMA,4726,Bowl,1957.0,Wood,Tapio Wirkkala,35,6409,Finnish,male,1915,1985,Q550411,500097462.0
102,MoMA,4754,Stool,1964.0,Metal,Antti Nurmesniemi,23,6613,Finnish,male,1927,2003,Q4777425,500003545.0
103,MoMA,5950,Poster for Bil Aktiebolaget (Car Company Inc.),1907.0,Paper,Akseli Gallen-Kallela,9,2059,Finnish,male,1865,1931,Q170068,500015305.0
104,MoMA,7348,UNICEF poster,1969.0,Paper,Jukka Veistola,33,6123,Finnish,male,1946,0,,
105,MoMA,8834,Karhula-Iitala,1955.0,Paper,Timo Sarpaneva,29,5168,Finnish,male,1926,2006,Q2703990,500102782.0
106,MoMA,8881,Finland,1960.0,Paper,Per-Olof Nyström,25,23348,Finnish,male,1925,1996,,
107,MoMA,82135,Swell Soundwave Panels,1999.0,Plastic,Teppo Asikainen,6,22564,Finnish,male,1968,0,,
108,MoMA,82729,Lansetti I,1952.0,Glass,Timo Sarpaneva,29,5168,Finnish,male,1926,2006,Q2703990,500102782.0
109,MoMA,82730,Orchid Bud Vase,1953.0,Glass,Timo Sarpaneva,29,5168,Finnish,male,1926,2006,Q2703990,500102782.0
110,MoMA,84130,Vase (3031),1936.0,Glass,Alvar Aalto,2,34,Finnish,male,1898,1976,Q82840,500002617.0
111,MoMA,89289,Vase (3031),1936.0,Glass,Alvar Aalto,2,34,Finnish,male,1898,1976,Q82840,500002617.0
112,MoMA,91414,Stacking Glasses,1951.0,Glass,Saara Hopea,14,2724,Finnish,female,1925,1984,,
113,MoMA,91791,Tumbler,1954.0,Glass,Kaj Franck,8,1968,Finnish,male,1911,1989,Q909809,500103402.0
114,MoMA,91792,Tumbler,1954.0,Glass,Kaj Franck,8,1968,Finnish,male,1911,1989,Q909809,500103402.0
115,MoMA,91793,Tumbler,1954.0,Glass,Kaj Franck,8,1968,Finnish,male,1911,1989,Q909809,500103402.0
116,MoMA,91794,Tumbler,1954.0,Glass,Kaj Franck,8,1968,Finnish,male,1911,1989,Q909809,500103402.0
117,MoMA,91795,Tumbler,1954.0,Glass,Kaj Franck,8,1968,Finnish,male,1911,1989,Q909809,500103402.0
118,MoMA,91796,Tumbler,1954.0,Glass,Kaj Franck,8,1968,Finnish,male,1911,1989,Q909809,500103402.0
119,MoMA,93103,Stacking Stools (model 60),1932.0,Wood,Alvar Aalto,2,34,Finnish,male,1898,1976,Q82840,500002617.0
120,MoMA,99011,"""Lehti"" Tray",2001.0,Metal,Maria Jauhiainen,15,29260,Finnish,female,1971,0,,
121,MoMA,100389,Side Chair,1930.0,Wood,Alvar Aalto,2,34,Finnish,male,1898,1976,Q82840,500002617.0
122,MoMA,105847,Stacking Glasses,1951.0,Glass,Saara Hopea,14,2724,Finnish,female,1925,1984,,
123,MoMA,105848,Stacking Glasses,1951.0,Glass,Saara Hopea,14,2724,Finnish,female,1925,1984,,
124,MoMA,105849,Stacking Glasses,1951.0,Glass,Saara Hopea,14,2724,Finnish,female,1925,1984,,
125,MoMA,161383,Puppy,2005.0,Plastic,Eero Aarnio,3,36,Finnish,male,1932,0,Q707025,500270610.0
126,MoMA,196072,Snake,1997.0,Other,Taneli Armanto,5,134524,Finnish,male,0,0,,
127,MoMA,289373,Untitled,1911.0,Paper,Eliel Saarinen,27,64766,Finnish,male,1873,1950,,
128,MoMA,396735,Tracing\Piece 1,2015.0,Plastic,Caroline Slotte,30,131528,Finnish,female,1975,0,,
129,MoMA,396736,Tracing\Piece 2,2015.0,Ceramics,Caroline Slotte,30,131528,Finnish,female,1975,0,,
130,MoMA,396737,Damaged Goods\Piece 1,2009.0,Ceramics,Caroline Slotte,30,131528,Finnish,female,1975,0,,
131,MoMA,396738,Damaged Goods\Piece 2,2012.0,Plastic,Caroline Slotte,30,131528,Finnish,female,1975,0,,
132,MoMA,396739,Under Blue Skies,2015.0,Ceramics,Caroline Slotte,30,131528,Finnish,female,1975,0,,
